<?xml version="1.0" encoding="utf-8" ?>
<odoo>
    <data noupdate="0">
        <record id="claim_document_type_1" model="claim.document.type">
            <field name="claim_document_type">Original Policy Certificate</field>
        </record>
        <record id="claim_document_type_2" model="claim.document.type">
            <field name="claim_document_type">Pass Book duly attested</field>
        </record>
        <record id="claim_document_type_3" model="claim.document.type">
            <field name="claim_document_type">Death Certificate</field>
        </record>
        <record id="claim_document_type_4" model="claim.document.type">
            <field name="claim_document_type">If Nomination is not valid, Attested Copy of Legal Heirs hip Certificate
            </field>
        </record>
        <record id="claim_document_type_5" model="claim.document.type">
            <field name="claim_document_type">Third-Party Claims</field>
        </record>
        <record id="claim_document_type_6" model="claim.document.type">
            <field name="claim_document_type">FIR (in case of fatal injuries/accidents or third party liabilities)
            </field>
        </record>
        <record id="claim_document_type_7" model="claim.document.type">
            <field name="claim_document_type">A copy of PAN Card (if the claim amount is more than Rs. 1 Lakh)</field>
        </record>
    </data>
</odoo>