<?xml version="1.0" encoding="utf-8" ?>
<odoo>
    <data noupdate="0">
        <record id="product_category_invoice" model="product.category">
            <field name="parent_id" ref="product.product_category_all"/>
            <field name="name">Insurance</field>
        </record>
        <record id="insurance_invoice" model="product.product">
            <field name="name">Insurance Invoice</field>
            <field name="detailed_type">service</field>
            <field name="categ_id" ref="tk_insurance_management.product_category_invoice"/>
        </record>

        <record id="agent_commission_bill" model="product.product">
            <field name="name">Agent Commission Bill</field>
            <field name="detailed_type">service</field>
            <field name="categ_id" ref="tk_insurance_management.product_category_invoice"/>
        </record>
    </data>
</odoo>