<?xml version="1.0" encoding="utf-8"?>
<odoo>
    <data noupdate="0">
        <record id="insurance_information_sequence" model="ir.sequence">
            <field name="name">Insurance Information</field>
            <field name="code">insurance.information</field>
            <field name="prefix">INS/NO/</field>
            <field name="padding">6</field>
            <field name="company_id" eval="False"/>
        </record>

        <record id="claim_information_sequence" model="ir.sequence">
            <field name="name">Claim Information</field>
            <field name="code">claim.information</field>
            <field name="prefix">CLM/NO/</field>
            <field name="padding">6</field>
            <field name="company_id" eval="False"/>
        </record>
    </data>
</odoo>

