<?xml version="1.0" encoding="utf-8" ?>
<odoo>
    <data noupdate="0">
        <record id="insured_document_type_1" model="insured.document.type">
            <field name="insured_document_type">Birth Certificate</field>
        </record>
        <record id="insured_document_type_2" model="insured.document.type">
            <field name="insured_document_type">Voter ID card</field>
        </record>
        <record id="insured_document_type_3" model="insured.document.type">
            <field name="insured_document_type">PAN Card</field>
        </record>
        <record id="insured_document_type_4" model="insured.document.type">
            <field name="insured_document_type">Aadhaar Card</field>
        </record>
        <record id="insured_document_type_5" model="insured.document.type">
            <field name="insured_document_type">Driving License</field>
        </record>
        <record id="insured_document_type_6" model="insured.document.type">
            <field name="insured_document_type">Passport</field>
        </record>
        <record id="insured_document_type_7" model="insured.document.type">
            <field name="insured_document_type">Recent Photograph</field>
        </record>
        <record id="insured_document_type_8" model="insured.document.type">
            <field name="insured_document_type">Credit or Debit Card Details for Online Banking</field>
        </record>
    </data>
</odoo>