<?xml version="1.0" encoding="utf-8" ?>
<odoo>
    <data noupdate="0">
        <record id="insurance_coverage_expiry_date" model="ir.cron">
            <field name="name">Insurance: Insurance Coverage Expiry Date</field>
            <field name="model_id" ref="tk_insurance_management.model_insurance_information"/>
            <field name="state" eval="'code'"/>
            <field name="code" eval="'model.action_create_expired_policy()'"/>
            <field name="interval_number">1</field>
            <field name="interval_type">days</field>
            <field name="numbercall">1</field>
            <field name="active" eval="True"/>
            <field name="doall" eval="True"/>
        </record>
    </data>
</odoo>